Page,Inlinks,Outlinks,Page Rank
https://www.cpp.edu/index.shtml,477,52,0.0021249641943355685
https://www.cpp.edu/privacy.shtml,891,6,0.0030169166869507776
https://www.cpp.edu/safer-return/health-and-safety-protocols/face-coverings.shtml,408,28,0.0021431493680677313
https://www.cpp.edu/safer-return/reporting/workplace-exposure.shtml,418,37,0.002438351352316086
https://www.cpp.edu/prospective-student-gateway/index.shtml,8,113,9.763924763131253e-05
https://www.cpp.edu/student-gateway/index.shtml,8,115,9.719825680311579e-05
https://www.cpp.edu/faculty-staff-gateway/index.shtml,8,86,9.602361445004382e-05
https://www.cpp.edu/family/index.shtml,10,24,5.621683162145302e-05
https://www.cpp.edu/alumni/,12,49,9.835401992354524e-05
https://www.cpp.edu/orientation/index.shtml,32,37,5.777929750988576e-05
https://www.cpp.edu/president/from-the-president/2022-spring/another-year-of-transforming-lives-and-communities.shtml,3,29,4.32327859214898e-05
https://www.cpp.edu/cafe/cool/index.shtml,1,27,4.086469604491478e-05
https://www.cpp.edu/cla/,1,12,4.086469604491478e-05
https://www.cpp.edu/together/bronco-bingo/index.shtml,1,9,4.086469604491478e-05
https://www.cpp.edu/orientation/,1,38,4.086469604491478e-05
https://www.cpp.edu/agri/,4,108,4.3690516072711404e-05
https://www.cpp.edu/cba/,5,68,4.45545802110416e-05
https://www.cpp.edu/ceis/,5,66,4.45545802110416e-05
https://www.cpp.edu/engineering/,5,70,4.45545802110416e-05
https://www.cpp.edu/env/,5,61,4.45545802110416e-05
https://www.cpp.edu/ceu/index.shtml,6,25,4.505686188023947e-05
https://www.cpp.edu/collins/,5,31,4.45545802110416e-05
https://www.cpp.edu/class/,5,46,4.45545802110416e-05
https://www.cpp.edu/sci,5,48,4.45545802110416e-05
https://www.cpp.edu/president/,4,32,4.3690516072711404e-05
https://www.cpp.edu/academic-affairs/index.shtml,4,88,4.3690516072711404e-05
https://www.cpp.edu/admin-affairs/index.shtml,4,41,4.3690516072711404e-05
https://www.cpp.edu/student-affairs/index.shtml,6,39,4.389803063063567e-05
https://www.cpp.edu/it/index.shtml,6,39,4.38258582611381e-05
https://www.cpp.edu/giving/about-us.shtml,10,22,0.0001144907510852175
https://www.cpp.edu/philanthropy/,5,22,5.013680310601991e-05
https://www.cpp.edu/annual-security-report.shtml,68,8,9.612978894823198e-05
https://www.cpp.edu/campus-safety-plan.shtml,70,13,9.807965779136544e-05
https://www.cpp.edu/em/,5,73,4.7709612349885445e-05
https://www.cpp.edu/officeofequity/titleIX/index.shtml,5,36,4.393362212838641e-05
https://www.cpp.edu/academic-manual,4,32,4.3690516072711404e-05
https://www.cpp.edu/library/index.shtml,5,20,4.888214299246256e-05
https://www.cpp.edu/events/,68,15,9.554018227332036e-05
https://www.cpp.edu/alpha-index/index.shtml,67,9,9.522414440094284e-05
https://www.cpp.edu/stratcomm/media.shtml,4,18,4.3690516072711404e-05
https://www.cpp.edu/broncodreamers/index.shtml,6,34,4.381138204846846e-05
https://www.cpp.edu/admissions/,31,33,4.738806272353875e-05
https://www.cpp.edu/giving/index.shtml,70,21,0.00011733441118184684
https://www.cpp.edu/jobs/index.shtml,31,24,4.7452219006271925e-05
https://www.cpp.edu/contact.shtml,70,15,9.5706577261439e-05
https://www.cpp.edu/~aboutcpp/index.shtml,547,55,0.0019111481786733067
https://www.cpp.edu/website-feedback.shtml,415,7,0.001634904191740635
https://www.cpp.edu/accessibility.shtml,477,12,0.0016855936092064296
https://www.cpp.edu/file-viewers.shtml,478,7,0.001659043485265581
https://www.cpp.edu/safer-return/index.shtml,38,27,0.0004099359475752812
https://www.cpp.edu/safer-return/phases/employee-repopulation-plan.shtml,17,24,0.00036626912825943873
https://www.cpp.edu/safer-return/phases/index.shtml,18,26,0.0003639822531765122
https://www.cpp.edu/safer-return/reporting/index.shtml,17,25,0.00035853094715218613
https://www.cpp.edu/safer-return/reporting/reponse-plan.shtml,20,30,0.0004370430482892322
https://www.cpp.edu/safer-return/reporting/reporting-guide.shtml,19,28,0.00038234881050099316
https://www.cpp.edu/safer-return/reporting/quarantine-isolation.shtml,18,22,0.0003574322161631875
https://www.cpp.edu/safer-return/health-and-safety-protocols/index.shtml,25,43,0.0005738073456632573
https://www.cpp.edu/safer-return/news-and-updates/index.shtml,17,26,0.000338338067752576
https://www.cpp.edu/safer-return/checklist/index.shtml,21,25,0.00033419196247534423
https://www.cpp.edu/safer-return/heerf/index.shtml,18,15,0.0003472978943184247
https://www.cpp.edu/safer-return/materials.shtml,17,33,0.00033410722993800244
https://www.cpp.edu/safer-return/events.shtml,19,26,0.00034773945851674824
https://www.cpp.edu/safer-return/vaccine.shtml,29,26,0.00035423783961098526
https://www.cpp.edu/safer-return/health-and-safety-protocols/ppe.shtml,6,32,0.0002463195968990126
https://www.cpp.edu/safer-return/news-and-updates/messages-to-the-community/change-in-campus-masking-requirements.shtml,1,30,7.654104885956183e-05
https://www.cpp.edu/em/covid-19.shtml,11,64,0.0001291975508865593
https://www.cpp.edu/benefits/benefits-covid19.shtml,4,42,0.00026360555160173904
https://www.cpp.edu/workers-comp/index.shtml,3,18,0.0001977041637013043
https://www.cpp.edu/officeofequity/discrimination-harassment-retaliation/index.shtml,7,34,0.00020874407804939824
https://www.cpp.edu/officeofequity/discrimination-harassment-retaliation/report-an-incident.shtml,7,34,0.00020698629156216318
https://www.cpp.edu/~academics/colleges-departments/index.shtml,68,113,5.5766241072708766e-05
https://www.cpp.edu/~academics/majors-degrees/index.shtml,65,60,5.2539685674912864e-05
https://www.cpp.edu/~outreach/pre-admission-advising.shtml ,2,10,0.002
https://www.cpp.edu/outreach/tours.shtml,68,23,0.00012610689276828008
https://www.cpp.edu/~agri/,7,108,3.4658815674064435e-06
https://www.cpp.edu/~studentsuccess/bac/index.shtml,2,0,8.872475749889843e-07
https://www.cpp.edu/~studentsuccess/directories/advising-directory.shtml,6,59,1.0620516279153003e-06
https://www.cpp.edu/~studentsuccess/,1,44,8.640641383301993e-07
https://www.cpp.edu/~library/index.shtml,131,21,0.00010458912415738108
https://www.cpp.edu/~studentsuccess/academic-calendar/index.shtml,1,0,8.640641383301993e-07
https://www.cpp.edu/~lrc/,7,27,4.8769384134413696e-06
https://www.cpp.edu/~studentsuccess/oss/fye/index.shtml,3,20,9.056536455990679e-07
https://www.cpp.edu/~gradstudies/,7,27,1.0297706119306779e-05
https://www.cpp.edu/registrar//transfer-credit-info/index.shtml,1,51,8.640641383301993e-07
https://www.cpp.edu/~our-cpp/,1,39,8.640641383301993e-07
https://www.cpp.edu/~international/study-abroad/index.shtml,5,52,2.383979741772807e-06
https://www.cpp.edu/~testcenter/index.shtml,2,0,1.7092663714007715e-06
https://www.cpp.edu/~studentsuccess/oss/early-start/,7,24,1.0297706119306779e-05
https://www.cpp.edu/~studentsuccess/oss/graduation-pledge/index.shtml,7,15,1.0744881354113843e-06
https://www.cpp.edu/~student-accounting/,3,22,7.271779903012507e-06
https://www.cpp.edu/~financial-aid/,8,51,1.667814460340271e-05
https://www.cpp.edu/~international/index.shtml,1,79,8.640641383301993e-07
https://www.cpp.edu/~honorscollege/index.shtml,3,28,1.749885924421238e-06
https://www.cpp.edu/siil/index.shtml,2,44,8.890681184512888e-07
https://www.cpp.edu/ai/index.shtml,2,54,1.7092663714007715e-06
https://www.cpp.edu/~officeofequity/,6,35,4.455266286719284e-06
https://www.cpp.edu/~oslcc/index.shtml,5,30,4.104580548752641e-06
https://www.cpp.edu/~deanofstudents/bdrc/,1,0,8.640641383301993e-07
https://www.cpp.edu/broncodreamers/carecen/about.shtml,3,30,2.82582002779663e-06
https://www.cpp.edu/~drc/index.shtml,6,31,4.698218825065398e-06
https://www.cpp.edu/~studentconduct/,1,28,8.640641383301993e-07
https://www.cpp.edu/~campus-life/diversity/index.shtml,65,68,5.2430504636588773e-05
https://www.cpp.edu/~career/,3,35,1.5994727683080197e-06
https://www.cpp.edu/~polytransfer/,3,26,9.027117658059582e-07
https://www.cpp.edu/~ssep/index.shtml,1,80,8.640641383301993e-07
https://www.cpp.edu/~veterans/,8,62,1.106874295219779e-05
https://www.cpp.edu/~cce/,5,33,2.551759515633511e-06
https://www.cpp.edu/~orientation/,1,38,8.640641383301993e-07
https://www.cpp.edu/oslcc/greek-life/index.shtml,5,19,5.148036342238493e-06
https://www.cpp.edu/housing/futureresidents/floorplans.shtml,5,14,5.324307192852281e-06
https://www.cpp.edu/health/index.shtml,5,46,1.7564425974995225e-06
https://www.cpp.edu/caps/index.shtml,3,38,1.6739432374804007e-06
https://www.cpp.edu/health/bronco-wellness-services.shtml,7,38,1.1651437938415486e-06
https://www.cpp.edu/basicneeds/index.shtml,5,35,1.0694014355706284e-06
https://www.cpp.edu/~officeofequity/titleIX/index.shtml,68,36,5.9702454384626115e-05
https://www.cpp.edu/police/programs-and-services/safety-escort-service.shtml#cso,1,28,8.640641383301993e-07
https://www.cpp.edu/~police/index.shtml,11,42,5.320709576168861e-06
https://www.cpp.edu/em/emergency-procedures.shtml,6,65,4.317268723202093e-06
https://www.cpp.edu/em/emergency-communication/safety-alert-system.shtml,3,71,2.2561670572210615e-06
https://www.cpp.edu/~cppbit/,3,20,2.378336081016582e-06
https://www.cpp.edu/maps/,25,-1,3.757396873094766e-05
https://www.cpp.edu/~parking/index.shtml,9,24,5.348593591309752e-06
https://www.cpp.edu/transportation/commuting-to-campus/rideshare.shtml,7,32,3.940439980450698e-06
https://www.cpp.edu/transportation/commuting-to-campus/bike-walk.shtml,5,21,1.3002326044013913e-06
https://www.cpp.edu/transportation/commuting-to-campus/bronco-shuttle.shtml,5,21,1.9641565463450557e-06
https://www.cpp.edu/transportation/commuting-to-campus/riding-the-bus.shtml,4,21,1.1426499901357812e-06
https://www.cpp.edu/~compass/,1,14,8.640641383301993e-07
https://www.cpp.edu/~mobile-app/,5,9,2.4219649973067426e-06
https://www.cpp.edu/~career/index.shtml ,2,10,1.3446089474278162e-06
https://www.cpp.edu/student-affairs/covid19.shtml,2,36,9.641190371214011e-07
https://www.cpp.edu/studentsuccess/virtual-advising-toolkit.shtml,5,69,9.71162356053073e-07
https://www.cpp.edu/~registrar/,5,14,9.610466711159871e-06
https://www.cpp.edu/~academic-programs/,5,21,3.14486443323802e-06
https://www.cpp.edu/~studentservices/index.shtml,1,57,8.452022330705721e-07
https://www.cpp.edu/~studentsuccess/index.shtml,7,43,1.0650130557506654e-06
https://www.cpp.edu/~studentsuccess/bronco-advising-center/index.shtml ,2,10,0.002
https://www.cpp.edu/~financial-aid/index.shtml,68,51,5.182684501269659e-05
https://www.cpp.edu/~student-accounting/index.shtml,64,22,5.164017405524657e-05
https://www.cpp.edu/~studentsuccess/advising/index.shtml,6,48,1.0172208383669107e-06
https://www.cpp.edu/it/studenttechnologyresources/,2,26,1.9689421884843695e-06
https://www.cpp.edu/~admissions/index.shtml,68,33,8.709475457573582e-05
https://www.cpp.edu/admissions/returning-students.shtml,1,48,8.452022330705721e-07
https://www.cpp.edu/~outreach/index.shtml,64,22,5.164017405524657e-05
https://www.cpp.edu/~veterans/admissions/index.shtml,64,53,5.164017405524657e-05
https://www.cpp.edu/~academics/university-catalog/index.shtml,64,-1,5.164017405524657e-05
https://www.cpp.edu/~academics/research.shtml,64,73,5.1527298019809754e-05
https://www.cpp.edu/~academics/academic-resources/index.shtml,63,82,5.096487907974389e-05
https://www.cpp.edu/siil/,2,45,8.768553140224382e-07
https://www.cpp.edu/~veterans/index.shtml,3,62,1.5250727444155101e-06
https://www.cpp.edu/campus-life/student-services/index.shtml,4,75,2.0226711993961323e-06
https://www.cpp.edu/~student-affairs/,4,40,5.628527299199895e-06
https://www.cpp.edu/~campus-life/student-activities/index.shtml,64,58,5.133073675957151e-05
https://www.cpp.edu/~campus-life/housing-dining/index.shtml,67,26,5.294705681327935e-05
https://www.cpp.edu/~housing/,1,41,8.452022330705721e-07
https://www.cpp.edu/~farmstore/,54,9,4.313116595310388e-06
https://www.cpp.edu/~health/index.shtml,4,47,2.421711817097759e-06
https://www.cpp.edu/~caps/index.shtml,5,39,3.0474411792178245e-06
https://www.cpp.edu/~health/bronco-wellness-services.shtml,6,39,2.3352886117137534e-06
https://www.cpp.edu/~housing/fitness-express/index.shtml,2,9,1.9617558894664305e-06
https://www.cpp.edu/~campus-life/recreation-fitness/index.shtml,64,51,5.1302338669067824e-05
https://www.cpp.edu/parking/services/safety-escort-service.shtml,4,21,1.8682224719712563e-06
https://www.cpp.edu/~ehs/files/common/pdf/EmergencyProcedureManual.pdf,3,9,1.520502253720386e-06
https://www.cpp.edu/broncodirect/,11,-1,3.0603111563401256e-06
https://www.cpp.edu/~campus-life/campus-safety-info/index.shtml,64,74,5.145244149303116e-05
https://www.cpp.edu/~parking/,3,24,1.576509584027187e-06
https://www.cpp.edu/~career/index.shtml,9,35,1.3534398103803534e-05
https://www.cpp.edu/~career/student/student-employment.shtml,2,9,1.5142719426863827e-06
https://www.cpp.edu/~campus-life/student-jobs/index.shtml,2,61,1.5142719426863827e-06
https://www.cpp.edu/~career/handshake.shtml,3,9,1.0024247888290427e-06
https://www.cpp.edu/~career/calendar.shtml,2,52,1.2265987560078602e-06
https://www.cpp.edu/it/students/index.shtml,1,29,8.452022330705721e-07
https://www.cpp.edu/canvas/index.shtml,3,10,7.018490782540421e-06
https://www.cpp.edu/~broncodirect,66,-1,5.3104342476637746e-05
https://www.cpp.edu/canvas/,65,11,5.307364582308263e-05
https://www.cpp.edu/~academic-affairs/,4,88,3.10724455808327e-06
https://www.cpp.edu/~faculty-affairs/,3,49,1.6483463908367069e-06
https://www.cpp.edu/~senate/index.shtml,1,65,1.1165536563958584e-06
https://www.cpp.edu/~policies/,1,63,1.1165536563958584e-06
https://www.cpp.edu/~advising/,6,15,3.1756157167567278e-06
https://www.cpp.edu/~drc/,4,31,2.4693839229591064e-06
https://www.cpp.edu/cafe/index.shtml,19,31,7.656532542852013e-06
https://www.cpp.edu/~testcenter/,1,0,1.1165536563958584e-06
https://www.cpp.edu/~academic-programs/calendar/calendar.shtml,1,9,1.1165536563958584e-06
https://www.cpp.edu/~studentsuccess/bac/,4,0,2.469493298898873e-06
https://www.cpp.edu/~new/employee-resource-center/index.shtml,1,75,1.1165536563958584e-06
https://www.cpp.edu/~fpm/management/index.shtml,1,9,1.1165536563958584e-06
https://www.cpp.edu/~payroll/index.shtml,1,42,1.1165536563958584e-06
https://www.cpp.edu/~payroll/calendars/index.shtml,2,32,1.1395953027725988e-06
https://www.cpp.edu/~extended-education/index.shtml,65,9,8.646935304739674e-05
https://www.cpp.edu/~policies/index.shtml,2,62,1.1342767303069037e-06
https://www.cpp.edu/~od/,1,21,1.1165536563958584e-06
https://www.cpp.edu/~hr/employee-labor//online-training.shtml,1,9,1.1165536563958584e-06
https://www.cpp.edu/~new/,2,63,1.1314410384811364e-06
https://www.cpp.edu/~ombuds/,1,59,1.1165536563958584e-06
https://www.cpp.edu/~faculty-affairs/leaves/,1,37,1.1165536563958584e-06
https://www.cpp.edu/~payroll/calendars/holidays.shtml,1,32,1.1165536563958584e-06
https://www.cpp.edu/~em/,2,73,1.2432372177332123e-06
https://www.cpp.edu/~employee-assist/,1,63,1.1165536563958584e-06
https://www.cpp.edu/~parking/bronco-shuttle.shtml,2,9,3.899499849298853e-06
https://www.cpp.edu/~irpa/dashboards/index.shtml,1,-1,1.1165536563958584e-06
https://www.cpp.edu/~broncodirect/,1,-1,1.1165536563958584e-06
https://www.cpp.edu/family,4,23,3.16487680592766e-06
https://www.cpp.edu/orientation/resource-hub.shtml,33,51,2.011810902362462e-05
https://www.cpp.edu/family/informing.shtml,2,12,2.4799713236153684e-06
https://www.cpp.edu/family/educating.shtml,2,13,2.4799713236153684e-06
https://www.cpp.edu/family/events.shtml,2,10,2.4799713236153684e-06
https://www.cpp.edu/admissions/index.shtml,6,33,6.30680852729663e-06
https://www.cpp.edu/studentsuccess/bronco-advising-center/index.shtml,5,41,3.008010136638679e-06
https://www.cpp.edu/career/,5,35,3.657440289940929e-06
https://www.cpp.edu/student-accounting/index.shtml,6,21,6.381195275701106e-06
https://www.cpp.edu/commencement/index.shtml,7,24,4.974801964015739e-06
https://www.cpp.edu/oslcc/index.shtml,5,29,2.7192710123250907e-06
https://www.cpp.edu/financial-aid/,3,51,2.6156182301272543e-06
https://www.cpp.edu/housing/index.shtml,7,40,6.9713525728132e-06
https://www.cpp.edu/~alumni/index.shtml,36,48,9.513020017095721e-05
https://www.cpp.edu/alumni/about.shtml,35,39,6.010082886710026e-05
https://www.cpp.edu/alumni/vision-and-purpose.shtml,34,36,5.932947326975901e-05
https://www.cpp.edu/alumni/board.shtml,34,36,5.870067524887948e-05
https://www.cpp.edu/alumni/member-benefits.shtml,36,41,5.9915649145618855e-05
https://www.cpp.edu/alumni/faqs.shtml,34,38,5.763814289240794e-05
https://www.cpp.edu/alumni/chapters/index.shtml,35,36,5.8434496941707324e-05
https://www.cpp.edu/alumni/chapters/asi.shtml,34,36,5.633824543163578e-05
https://www.cpp.edu/alumni/chapters/black.shtml,34,36,5.5749319994799116e-05
https://www.cpp.edu/alumni/chapters/business.shtml,36,36,5.5836398940581035e-05
https://www.cpp.edu/alumni/chapters/collins.shtml,34,36,5.458940707255461e-05
https://www.cpp.edu/alumni/chapters/agalumni.shtml,34,36,5.402362133973382e-05
https://www.cpp.edu/alumni/chapters/latino.shtml,34,36,5.346530827997374e-05
https://www.cpp.edu/alumni/chapters/rose-float.shtml,34,36,5.291435838231051e-05
https://www.cpp.edu/alumni/chapters/urp.shtml,34,36,5.2370663878016066e-05
https://www.cpp.edu/alumni/chapters/regional.shtml,34,36,5.183411871156661e-05
https://www.cpp.edu/alumni/outstanding-alumni/index.shtml,39,42,5.8455722213234836e-05
https://www.cpp.edu/alumni/outstanding-alumni/about-distinguished.shtml,35,36,5.088075900765073e-05
https://www.cpp.edu/alumni/outstanding-alumni/distinguishedalumnigala.shtml,36,36,5.1704158649066843e-05
https://www.cpp.edu/alumni/outstanding-alumni/2019-recipients.shtml,34,36,4.976608164129038e-05
https://www.cpp.edu/alumni/outstanding-alumni/past-recipients.shtml,36,36,5.067783144156344e-05
https://www.cpp.edu/~alumni/spotlight/,34,36,4.875315695779935e-05
https://www.cpp.edu/alumni/student-outreach/index.shtml,34,37,4.8311873069572915e-05
https://www.cpp.edu/alumni/get-involved/index.shtml,35,42,4.812555041327909e-05
https://www.cpp.edu/alumni/get-involved/professor.shtml,37,36,4.864658548708003e-05
https://www.cpp.edu/alumni/get-involved/dining.shtml,36,36,4.814857686754916e-05
https://www.cpp.edu/alumni/get-involved/mentoring.shtml,40,37,5.27850863487508e-05
https://www.cpp.edu/alumni/events.shtml,39,37,5.13915052299482e-05
https://www.cpp.edu/alumni/contact.shtml,34,36,4.54469032169602e-05
https://www.cpp.edu/alumni/outstanding-alumni/meet2021honorees.shtml,5,37,6.657540616588007e-06
https://www.cpp.edu/alumni/alumni-career-services.shtml,7,39,1.0429042619193744e-05
https://www.cpp.edu/alumni/zoombackgrounds.shtml,3,56,5.188911613441563e-06
https://www.cpp.edu/~alumni/member-benefits.shtml,7,42,7.785791316747194e-06
https://www.cpp.edu/alumni/get-involved/,3,43,5.188911613441563e-06
https://www.cpp.edu/safer-return,3,28,5.188911613441563e-06
https://www.cpp.edu/%7Epacesetters/,3,60,5.188911613441563e-06
https://www.cpp.edu/orientation/freshmen-orientation/start-here.shtml,31,37,1.7797298111449056e-05
https://www.cpp.edu/orientation/freshmen-orientation/dates.shtml,30,37,1.7078780382048043e-05
https://www.cpp.edu/orientation/freshmen-orientation/costs.shtml,30,38,1.6900977167377502e-05
https://www.cpp.edu/orientation/freshmen-orientation/what-to-use.shtml,30,38,1.6714109087906974e-05
https://www.cpp.edu/orientation/freshmen-orientation/coming-to-campus.shtml,30,37,1.65137431552008e-05
https://www.cpp.edu/orientation/freshmen-orientation/health-safety.shtml,30,41,1.6387307799918963e-05
https://www.cpp.edu/orientation/freshmen-orientation/checklist.shtml,30,57,1.6375610814256255e-05
https://www.cpp.edu/orientation/freshmen-orientation/faqs.shtml,30,44,1.613818229800073e-05
https://www.cpp.edu/orientation/transfer-orientation/start-here.shtml,31,37,1.6406179215133207e-05
https://www.cpp.edu/orientation/transfer-orientation/dates.shtml,30,40,1.5752192220678046e-05
https://www.cpp.edu/orientation/transfer-orientation/cost.shtml,30,38,1.556198103676585e-05
https://www.cpp.edu/orientation/transfer-orientation/what-to-use.shtml,30,38,1.5394380287085566e-05
https://www.cpp.edu/orientation/transfer-orientation/coming-to-campus.shtml,30,37,1.5214322932402003e-05
https://www.cpp.edu/orientation/transfer-orientation/health-safety.shtml,30,42,1.5113890581197954e-05
https://www.cpp.edu/orientation/transfer-orientation/checklist.shtml,30,55,1.5084093483292588e-05
https://www.cpp.edu/orientation/transfer-orientation/faqs.shtml,30,46,1.4898579060755221e-05
https://www.cpp.edu/orientation/parents-family/index.shtml,32,39,1.5200989028385055e-05
https://www.cpp.edu/orientation/parents-family/parent-faqs.shtml,31,40,1.4921479110890928e-05
https://www.cpp.edu/orientation/military-veterans/index.shtml,30,38,1.4369534151430107e-05
https://www.cpp.edu/orientation/international-orientation/index.shtml,30,38,1.4218609159063546e-05
https://www.cpp.edu/orientation/returning-students.shtml,30,36,1.4041830080805192e-05
https://www.cpp.edu/orientation/orientation-leaders/index.shtml,30,36,1.3887537774130954e-05
https://www.cpp.edu/orientation/faculty-staff/index.shtml,30,38,1.3762734939812104e-05
https://www.cpp.edu/orientation/about-us/index.shtml,30,36,1.3593155000150846e-05
https://www.cpp.edu/orientation/about-us/office-staff.shtml,30,36,1.3445294160223395e-05
https://www.cpp.edu/orientation/about-us/leaders.shtml,30,36,1.3299536561331528e-05
https://www.cpp.edu/orientation/contact-us.shtml,34,42,1.4717415033366012e-05
https://www.cpp.edu/president/index.shtml,22,31,1.3457220697459047e-05
https://www.cpp.edu/president/about/index.shtml,22,28,1.3247172885199431e-05
https://www.cpp.edu/president/about/memberships-and-appointments.shtml,22,28,1.3084817539449648e-05
https://www.cpp.edu/president/about/cv.shtml,24,28,1.4643863159220599e-05
https://www.cpp.edu/president/from-the-president/statements.shtml,22,39,1.2917947878843304e-05
https://www.cpp.edu/president/from-the-president/video-messages.shtml,22,43,1.2844153528618337e-05
https://www.cpp.edu/president/from-the-president/presidential-orders.shtml,22,30,1.2575089068006248e-05
https://www.cpp.edu/president/from-the-president/news.shtml,22,47,1.2630506402582578e-05
https://www.cpp.edu/president/strategic-planning.shtml,22,31,1.2360090607664772e-05
https://www.cpp.edu/president/campus-conversations/index.shtml,22,28,1.2171619376706754e-05
https://www.cpp.edu/president/campus-conversations/futurepaths.shtml,22,29,1.2045812018602894e-05
https://www.cpp.edu/president/campus-conversations/archive.shtml,22,32,1.1957407196390219e-05
https://www.cpp.edu/president/leadership.shtml,22,29,1.1783785526440455e-05
https://www.cpp.edu/president/schedule-the-president/index.shtml,22,28,1.1631174102237414e-05
https://www.cpp.edu/president/history/index.shtml,22,28,1.1494709394084218e-05
https://www.cpp.edu/president/honoring-exellence/presidents-scholars.shtml,22,28,1.1360330752957747e-05
https://www.cpp.edu/president/honoring-exellence/presidents-honor-list.shtml,22,28,1.1227990823242007e-05
https://www.cpp.edu/president/honoring-exellence/emeritus-awards.shtml,22,28,1.1097643839593262e-05
https://www.cpp.edu/president/compliance/index.shtml,22,29,1.0986527694777861e-05
https://www.cpp.edu/president/campus-leadership/index.shtml,22,35,1.0946718447740417e-05
https://www.cpp.edu/president/office-directory/index.shtml,22,33,1.082087237460879e-05
https://www.cpp.edu/cafe/about-us/who-we-are.shtml,18,26,6.444204336861728e-06
https://www.cpp.edu/cafe/about-us/request-services.shtml,19,26,6.589389805527873e-06
https://www.cpp.edu/cafe/about-us/studio-6.shtml,19,27,6.510784826746688e-06
https://www.cpp.edu/faculty-affairs,19,49,6.504940084777922e-06
https://www.cpp.edu/cafe/about-us/newsletter.shtml,18,26,6.178319503012118e-06
https://www.cpp.edu/cafe/programs-and-events/upcoming-programs.shtml,19,27,6.340755467978268e-06
https://www.cpp.edu/cafe/programs-and-events/past-workshop-recordings.shtml,18,26,6.0119688535131425e-06
https://www.cpp.edu/cafe/programs-and-events/summer-institute.shtml,18,26,5.931353805238769e-06
https://www.cpp.edu/cafe/teaching-and-learning/index.shtml,18,26,5.852322301078155e-06
https://www.cpp.edu/cafe/teaching-and-learning/learning-technologies.shtml,18,34,5.843195198494218e-06
https://www.cpp.edu/cafe/teaching-and-learning/quickstart-tutorials.shtml,19,36,6.0338377930004505e-06
https://www.cpp.edu/cafe/learning-objects,18,26,5.6586930564326694e-06
https://www.cpp.edu/cafe/new-faculty-resources/faculty-strengths.shtml,18,26,5.5848766234818805e-06
https://www.cpp.edu/cafe/new-faculty-resources/thriving-academy.shtml,18,27,5.522548575573747e-06
https://www.cpp.edu/cafe/cool,18,26,5.443812123180093e-06
https://www.cpp.edu/cafe/cool/speaker-series.shtml,18,26,5.373943356398935e-06
https://www.cpp.edu/cafe/faculty-recognition/chai.shtml,18,26,5.305328981889962e-06
https://www.cpp.edu/cafe/faculty-recognition/grant-projects-repository/,18,28,5.256410538825976e-06
https://www.cpp.edu/cla/index.shtml,4,11,5.081351585683823e-06
https://www.cpp.edu/cla/background-and-history.shtml,4,11,4.956208333232679e-06
https://www.cpp.edu/cla/timeline.shtml,4,11,4.8342503787208545e-06
https://www.cpp.edu/cla/faqs.shtml,4,12,4.7573740914069e-06
https://www.cpp.edu/together,1,12,4.540521782768309e-06
https://www.cpp.edu/agri/index.shtml,42,107,2.4373850568466663e-06
https://www.cpp.edu/agri/about/index.shtml,42,74,2.409249136043471e-06
https://www.cpp.edu/agri/agribusiness-agricultural-science/index.shtml,52,47,3.867825433991258e-06
https://www.cpp.edu/agri/animal-science/index.shtml,54,46,4.267348858600501e-06
https://www.cpp.edu/agri/apparel-merchandising-and-management/index.shtml,50,56,3.5906426942587716e-06
https://www.cpp.edu/agri/nutrition-food-science/index.shtml,52,48,3.88241020925527e-06
https://www.cpp.edu/agri/plant-science/index.shtml,50,45,3.695129186264911e-06
https://www.cpp.edu/agri/agricultural-research-institute/index.shtml,46,18,2.9012191678800863e-06
https://www.cpp.edu/~agriscapes/,45,0,2.538698353660194e-06
https://www.cpp.edu/agri/apparel-technology-research-center/index.shtml,42,71,2.389275552402365e-06
https://www.cpp.edu/agri/centers-and-more/carfs.shtml,42,66,2.3670510335061554e-06
https://www.cpp.edu/agri/centers-and-more/ctilt.shtml,42,70,2.350691639834218e-06
https://www.cpp.edu/agri/urban/index.shtml,42,66,2.329489155578047e-06
https://www.cpp.edu/agri/agribusiness-agricultural-science/programs/agribusiness-and-food-industry-management-bs.shtml,51,44,3.266205172444292e-06
https://www.cpp.edu/agri/agribusiness-agricultural-science/programs/agriculture-science-bs.shtml,52,41,3.277205131726271e-06
https://www.cpp.edu/agri/animal-science/programs/animal-health-science-bs.shtml,52,41,3.323619506146366e-06
https://www.cpp.edu/agri/animal-science/programs/animal-science-bs.shtml,52,41,3.2826841814879143e-06
https://www.cpp.edu/agri/apparel-merchandising-and-management/programs/apparel-merchandising-and-management-bs.shtml,50,55,3.06431516191315e-06
https://www.cpp.edu/agri/nutrition-food-science/programs/food-science-and-technology-bs.shtml,53,41,3.3837080169796065e-06
https://www.cpp.edu/agri/nutrition-food-science/programs/nutrition-bs.shtml,53,41,3.341787118444258e-06
https://www.cpp.edu/agri/plant-science/programs/plant-science-bs.shtml,51,40,3.201986837043364e-06
https://www.cpp.edu/agri/programs/agmasters.shtml,42,66,2.3105499452099854e-06
https://www.cpp.edu/agri/agribusiness-agricultural-science/programs/agricultural-ms-agricultural-science.shtml,51,44,3.1699876751987165e-06
https://www.cpp.edu/agri/animal-science/programs/agriculture-ms-animal-science.shtml,51,46,3.18009106389212e-06
https://www.cpp.edu/agri/nutrition-food-science/programs/agriculture-ms-nutrition-and-food-science.shtml,52,46,3.2384836504706765e-06
https://www.cpp.edu/agri/plant-science/programs/agricultural-ms-plant-science.shtml,50,44,3.097416050837223e-06
https://www.cpp.edu/ceu/degree-programs/iams/index.shtml,44,25,2.4042194776410587e-06
https://www.cpp.edu/ceu/degree-programs/dietetics/index.shtml,44,24,2.4042194776410587e-06
https://www.cpp.edu/agri/nutrition-food-science/programs/dietetic-internship.shtml,46,59,2.8049708887924367e-06
https://www.cpp.edu/agri/degrees/credentials.shtml#agricultural,46,65,2.79858406278615e-06
https://www.cpp.edu/agri/degrees/credentials.shtml#single,46,65,2.77720265641327e-06
https://www.cpp.edu/agri/programs/minors.shtml,42,67,2.2501220427051646e-06
https://www.cpp.edu/agri/agribusiness-agricultural-science/faculty-staff/index.shtml,47,57,2.5922090546151754e-06
https://www.cpp.edu/agri/animal-science/faculty-staff/index.shtml,47,64,2.6067361799055727e-06
https://www.cpp.edu/agri/apparel-merchandising-and-management/faculty-staff/index.shtml,45,63,2.403539394456345e-06
https://www.cpp.edu/agri/nutrition-food-science/faculty-staff/index.shtml,48,70,2.6465696644936735e-06
https://www.cpp.edu/agri/plant-science/faculty-staff/index.shtml,46,54,2.5162654259706072e-06
https://www.cpp.edu/agri/staff/index.shtml,43,72,2.267817476117971e-06
https://www.cpp.edu/agri/student-resources/advising/index.shtml,67,71,3.832324039352336e-06
https://www.cpp.edu/agri/clubs-organizations/index.shtml,70,68,4.1047035662410786e-06
https://www.cpp.edu/agri/student-resources/first-year-experience.shtml,66,66,3.750815218125998e-06
https://www.cpp.edu/agri/future-students/index.shtml,65,95,3.674752616068705e-06
https://www.cpp.edu/agri/student-resources/internships.shtml,65,70,3.6348229446744035e-06
https://www.cpp.edu/agri/student-resources/scholarships.shtml,66,66,3.6767805929192395e-06
https://www.cpp.edu/agri/student-resources/student-employment.shtml,42,77,2.0622972127379743e-06
https://www.cpp.edu/agri/alumni/index.shtml,72,74,4.0407801446010236e-06
https://www.cpp.edu/agri/alumni/career.shtml,49,74,2.4919970141098576e-06
https://www.cpp.edu/agri/alumni/outstanding-alumni.shtml,72,78,3.961250718194772e-06
https://www.cpp.edu/agri/alumni/events.shtml,72,75,3.905750488307065e-06
https://www.cpp.edu/agri/alumni/parents-and-family.shtml,72,75,3.855336083129205e-06
https://www.cpp.edu/agri/about/board-of-advisors.shtml ,67,10,0.002
https://www.cpp.edu/agri/alumni/update-info/index.shtml,49,72,2.3068717594744545e-06
https://www.cpp.edu/agri/alumni/share-alumni-story.shtml,65,73,3.43423608091851e-06
https://www.cpp.edu/agri/alumni/contact-us.shtml,72,72,3.7257092953046842e-06
https://www.cpp.edu/agri/giving/why-give.shtml,65,66,3.379632302705603e-06
https://www.cpp.edu/agri/giving/ways-to-give.shtml,65,66,3.3553235137876178e-06
https://www.cpp.edu/agri/giving/contact-us.shtml,65,66,3.331312962427846e-06
https://www.cpp.edu/agri/news/articles/2022-la-county-fair-preview.shtml,4,69,4.90616905300101e-07
https://www.cpp.edu/commencement/,4,25,4.742232875469113e-07
https://www.cpp.edu/agri/news/articles/2022-alumni-award.shtml,4,70,4.90616905300101e-07
https://www.cpp.edu/agri/news/articles/2022-spadra-organics.shtml,4,70,4.90616905300101e-07
https://www.cpp.edu/agri/news/urban-and-community-agriculture.shtml,3,67,4.594126110792705e-07
https://www.cpp.edu/~agriscapes,3,0,4.594126110792705e-07
https://www.cpp.edu/~farmstore,3,10,4.594126110792705e-07
https://www.cpp.edu/agri/news/articles/2022-yang-grant.shtml,4,69,4.90616905300101e-07
https://www.cpp.edu/agri/news/articles/2021-landcare-competition.shtml,4,69,4.90616905300101e-07
https://www.cpp.edu/agri/news/articles/2021-food-product-showcase.shtml,4,69,4.90616905300101e-07
https://www.cpp.edu/agri/news/articles/2021-alumni-chapter.shtml,4,70,4.90616905300101e-07
https://www.cpp.edu/agri/news/articles/2021-plant-based-kim.shtml,4,69,4.90616905300101e-07
https://www.cpp.edu/agri/news/articles/2021-spice-grant.shtml,4,69,4.90616905300101e-07
https://www.cpp.edu/agri/news/index.shtml,37,102,2.175580667902136e-06
https://www.cpp.edu/agri/calendar/,8,77,8.133930637394846e-07
https://www.cpp.edu/iams/index,3,9,4.594126110792705e-07
https://www.cpp.edu/cpge/degree-programs/dietetics/index.shtml,6,23,8.076537573204145e-07
https://www.cpp.edu/cba/index.shtml,44,67,1.9090352076832136e-06
https://www.cpp.edu/cba/about/index.shtml,46,37,2.032867600028485e-06
https://www.cpp.edu/cba/accounting/index.shtml,29,90,1.629229524085563e-06
https://www.cpp.edu/cba/computer-information-systems/index.shtml,32,94,1.6621013324105847e-06
https://www.cpp.edu/cba/technology-and-operations-management/ebz-curriculum/index.shtml,58,93,3.1975313281587857e-06
https://www.cpp.edu/cba/finance-real-estate-and-law/index.shtml,29,81,1.5869665337555962e-06
https://www.cpp.edu/cba/international-business-marketing/index.shtml,31,91,1.6532402362534047e-06
https://www.cpp.edu/cba/management-and-human-resources/index.shtml,31,85,1.6539146537199133e-06
https://www.cpp.edu/cba/business-minors/index.shtml,26,37,1.5086684613061384e-06
https://www.cpp.edu/cba/graduate-business-programs/index.shtml,39,23,2.39448574270973e-06
https://www.cpp.edu/cba/graduate-business-programs/programs/mba.shtml,36,21,2.8754863731574586e-06
https://www.cpp.edu/cba/graduate-business-programs/programs/msis.shtml,36,19,2.819188855121955e-06
https://www.cpp.edu/cba/graduate-business-programs/programs/msa.shtml,38,22,2.828508892455928e-06
https://www.cpp.edu/ceu/degree-programs/business-analytics/,38,26,3.0328255705832663e-06
https://www.cpp.edu/cba/technology-and-operations-management/msdscm/home.shtml,41,98,3.0858369742240523e-06
https://www.cpp.edu/cba/student-success-center/index.shtml,46,45,1.9037206022040819e-06
https://www.cpp.edu/cba/fye/index.shtml,28,70,1.5619690850424628e-06
https://www.cpp.edu/cba/centers-and-labs/index.shtml,26,39,1.4993702020274452e-06
https://www.cpp.edu/cba/our-faculty/index.shtml,42,38,1.7408611594744998e-06
https://www.cpp.edu/cba/news-events/index.shtml,45,33,1.7594095463728416e-06
https://www.cpp.edu/cba/alumni-friends/index.shtml,43,32,1.7284379603379923e-06
https://www.cpp.edu/cba/college-giving/index.shtml,45,34,1.740094832590318e-06
https://www.cpp.edu/cba/news-events/news/articles/sgv-economic-forecast-2022.shtml,4,31,7.631797370716897e-07
https://www.cpp.edu/cba/news-events/news/articles/capossela-2022.shtml,4,31,7.631797370716897e-07
https://www.cpp.edu/cba/news-events/news/articles/hemmatian-cool-2022.shtml,4,31,7.631797370716897e-07
https://www.cpp.edu/cba/student-success-center/,2,46,6.837074776695008e-07
https://www.cpp.edu/cba/future-students/,2,36,6.837074776695008e-07
https://www.cpp.edu/cba/current-students/,2,38,6.837074776695008e-07
https://www.cpp.edu/cba/current-students/organizations.shtml,2,33,6.837074776695008e-07
https://www.cpp.edu/cba/academics/,2,62,6.837074776695008e-07
https://www.cpp.edu/cba/scholarships.shtml,2,32,6.837074776695008e-07
https://www.cpp.edu/cba/about/learning-goals.shtml,5,97,7.847364534543465e-07
https://www.cpp.edu/cba/about/signature-experiences.shtml,5,43,7.695432920888699e-07
https://www.cpp.edu/cba/news-events/leadership-forum/,3,32,7.016038332994746e-07
https://www.cpp.edu/cba/fye/,2,71,6.837074776695008e-07
https://www.cpp.edu/cba/current-students/deans-list.shtml,2,31,6.837074776695008e-07
https://www.cpp.edu/cba/accounting/,3,89,7.018100279371181e-07
https://www.cpp.edu/cba/computer-information-systems/,2,96,6.837074776695008e-07
https://www.cpp.edu/cba/technology-and-operations-management/ebz-curriculum/,2,94,6.837074776695008e-07
https://www.cpp.edu/cba/finance-real-estate-and-law/,2,82,6.837074776695008e-07
https://www.cpp.edu/cba/international-business-marketing/,2,92,6.837074776695008e-07
https://www.cpp.edu/cba/management-and-human-resources/,2,86,6.837074776695008e-07
https://www.cpp.edu/cba/technology-and-operations-management/,2,97,6.837074776695008e-07
https://www.cpp.edu/cba/graduate-business-programs/programs/covid19_index.shtml,2,19,6.837074776695008e-07
https://www.cpp.edu/cba/graduate-business-programs/apply.shtml,3,0,8.320858384653932e-07
https://www.cpp.edu/cba/graduate-business-programs/about/,2,20,6.837074776695008e-07
https://www.cpp.edu/cba/graduate-business-programs/faqs.shtml,8,23,1.2718604007587564e-06
https://www.cpp.edu/cba/alumni-friends/,2,33,6.837074776695008e-07
https://www.cpp.edu/cba/news-events/,2,34,6.837074776695008e-07
https://www.cpp.edu/cba/student-spotlight/,2,43,6.837074776695008e-07
https://www.cpp.edu/cba/current-students/executive-mentor-program.shtml,2,39,6.837074776695008e-07
https://www.cpp.edu/cba/alumni-friends/distinguished-alumni.shtml,3,32,6.947350176319121e-07
https://www.cpp.edu/cba/college-giving/,2,36,6.837074776695008e-07
https://www.cpp.edu/~aboutcpp/visitor-information/directions.shtml,64,35,8.523092018231498e-05
https://www.cpp.edu/events,63,15,5.048277147916397e-05
https://www.cpp.edu/~aboutcpp/administration.shtml,64,43,8.523092018231498e-05
https://www.cpp.edu/~admissions/index.shtml#undergraduate,63,33,5.048277147916397e-05
https://www.cpp.edu/~admissions/index.shtml#graduate,63,33,5.048277147916397e-05
https://www.cpp.edu/~admissions/index.shtml#international,63,33,5.048277147916397e-05
https://www.cpp.edu/~academics/index.shtml,62,83,4.9861139187617563e-05
https://www.cpp.edu/~registrar/index.shtml,63,14,5.046187580433585e-05
https://www.cpp.edu/~campus-life/index.shtml,62,77,4.979280609472004e-05
https://www.cpp.edu/~campus-life/student-services/index.shtml,63,74,5.03817873319126e-05
https://www.cpp.edu/~campus-life/health-wellness/index.shtml,62,64,4.961410059087059e-05
https://www.cpp.edu/~alumni/,65,49,5.5679927822155036e-05
https://www.cpp.edu/giving/why-give.shtml,66,14,7.255888572852577e-05
https://www.cpp.edu/giving/ways-give.shtml,67,14,7.740091403229827e-05
https://www.cpp.edu/giving/where-to-give.shtml,66,14,7.187328850573857e-05
https://www.cpp.edu/~ceis/index.shtml,13,65,3.717204319065423e-05
https://www.cpp.edu/~ceis/about/index.shtml,13,66,3.717685963947841e-05
https://www.cpp.edu/~ceis/departments.shtml,13,68,3.718959028773848e-05
https://www.cpp.edu/~ceis/alumni-and-friends/index.shtml,13,62,3.713359005659558e-05
https://www.cpp.edu/~ceis/news-events/index.shtml,13,392,3.7635872009828306e-05
https://www.cpp.edu/~ceis/giving/index.shtml,13,61,3.711935030410004e-05
https://www.cpp.edu/~ceis/contact-us/index.shtml,13,60,3.7105378720351505e-05
https://www.cpp.edu/safety/coronavirus/index.shtml,7,0,5.49337366200603e-06
https://www.cpp.edu/ceis/future-students/index.shtml,2,80,1.2469469846855205e-06
https://www.cpp.edu/ceis/credentials-graduates.shtml,2,62,1.2469469846855205e-06
https://www.cpp.edu/ceis/programs.shtml,2,71,1.2469469846855205e-06
https://www.cpp.edu/ceis/shoutout/index.shtml,2,59,1.2469469846855205e-06
https://www.cpp.edu/~ceis/news/pie-honors-25-teacher-candidates-with-4%comma%000-fellowships.shtml,0,60,0.002
https://www.cpp.edu/~ceis/news/liberal-studies-professor-to-perform-in-chorus-celebrating-the-life-of-freddie-mercury.shtml,3,60,1.271665669723785e-06
https://www.cpp.edu/~jobs/index.shtml,65,25,8.917695001947945e-05
https://www.cpp.edu/~safety/index.shtml,64,14,5.436858401490983e-05
https://www.cpp.edu/website-feedback.php,64,1,0.0031696948059052625
https://www.cpp.edu/email.shtml,64,9,5.6895132101923804e-05
https://www.cpp.edu/engineering/index.shtml,12,71,7.993470513183525e-07
https://www.cpp.edu/engineering/about/welcome-from-dean.shtml,12,66,7.968360433441965e-07
https://www.cpp.edu/engineering/about/deans-office.shtml,12,64,7.937081219355259e-07
https://www.cpp.edu/engineering/about/dlb.shtml,12,67,7.896726878847227e-07
https://www.cpp.edu/engineering/industry-advisory-councils/index.shtml,12,64,7.867986287484041e-07
https://www.cpp.edu/engineering/about/neighborhood.shtml,12,65,7.831128315061088e-07
https://www.cpp.edu/engineering/about/mission.shtml,12,64,7.798480380417903e-07
https://www.cpp.edu/engineering/about/strategic-planning.shtml,12,64,7.763697847601041e-07
https://www.cpp.edu/engineering/about/rankings.shtml,12,64,7.729078300368331e-07
https://www.cpp.edu/~engineering/about/coe-directory.pdf,12,0,7.575810714566623e-07
https://www.cpp.edu/engineering/documents/about/coe-org-chair-w-support.pdf,12,0,7.575810714566623e-07
https://www.cpp.edu/engineering/documents/about/coe-fact-sheet.pdf,12,0,7.575810714566623e-07
https://www.cpp.edu/engineering/academics/undergrad.shtml,13,79,7.793968049019395e-07
https://www.cpp.edu/engineering/aro/index.shtml,13,24,8.330952773983702e-07
https://www.cpp.edu/engineering/cme/index.shtml,13,23,8.368126178501736e-07
https://www.cpp.edu/engineering/ce/index.shtml,13,26,8.265858899742828e-07
https://www.cpp.edu/engineering/ece/index.shtml,13,29,8.18622863467732e-07
https://www.cpp.edu/engineering/et/index.shtml,13,21,8.454148603133831e-07
https://www.cpp.edu/engineering/ime/index.shtml,13,18,8.6232534755065e-07
